country,max_value,avg_extreme_value
POLAND,66.300000000000000000,56.9737621776357827476038
CZECH,50.200000000000000000,50.1333333333333333333333
ITALY,50.160000000000000000,50.0865808064516129032258
